<?xml version="1.0" encoding="utf-8"?>
<ModMetaData>
	<name>Numbers [Français]</name>
	<author>b606</author>
	<url>https://github.com/b606/Numbers-Francais</url>
  <packageId>b606.Numbers.Francais</packageId>
	<supportedVersions>
		<li>1.0</li>
		<li>1.1</li>
		<li>1.2</li>
	</supportedVersions>
  <modDependencies>
    <!-- <li>
      <packageId>TalliDown.Numbers</packageId>
      <displayName>Numbers</displayName>
      <steamWorkshopUrl>steam://url/CommunityFilePage/2009084576</steamWorkshopUrl>
      <downloadUrl>https://github.com/ErwinM/kNumbers</downloadUrl>
    </li>-->
    <li>
      <packageId>Mehni.Numbers</packageId>
      <displayName>Numbers</displayName>
      <steamWorkshopUrl>steam://url/CommunityFilePage/1414302321</steamWorkshopUrl>
      <downloadUrl>https://github.com/Mehni/kNumbers/releases</downloadUrl>
    </li>
  </modDependencies>
  <loadAfter>
    <li>Mehni.Numbers</li>
    <!-- <li>TalliDown.Numbers</li> -->
  </loadAfter>
  <description>Numbers [Français] offre la traduction française du mod &lt;b&gt;Numbers&lt;/b&gt; qui permet de voir toutes les statistiques sur chaque colon ou prisonnier en un seul tableau. Cela permet de savoir d'un seul coup d'œil qui est le meilleur médecin, et comment assigner au mieux les équipements.

Le mod Numbers a été originellement développé par koisama, ensuite étendu par Mehni (un fork existe aussi par TalliDown).
  </description>
</ModMetaData>
